本命,相冲,三殺,三刑,箭刃
甲子,午,未,卯,卯酉
甲戌,辰,丑,丑未,卯酉
甲申,寅,未,巳,卯酉
甲午,子,丑,午,卯酉
甲辰,戌,未,辰,卯酉
甲寅,申,丑,巳,卯酉
乙丑,未,辰,戌,辰戌
乙亥,巳,戌,亥,辰戌
乙酉,卯,辰,酉,辰戌
乙未,丑,戌,戌,辰戌
乙巳,亥,辰,寅申,辰戌
乙卯,酉,戌,子,辰戌
丙寅,申,丑,巳,子午
丙子,午,未,卯,子午
丙戌,辰,丑,丑未,子午
丙申,寅,未,巳,子午
丙午,子,丑,午,子午
丙辰,戌,未,辰,子午
丁卯,酉,戌,子,丑未
丁丑,未,辰,戌,丑未
丁亥,巳,戌,亥,丑未
丁酉,卯,辰,酉,丑未
丁未,丑,戌,戌,丑未
丁巳,亥,辰,寅申,丑未
戊辰,戌,未,辰,子午
戊寅,申,丑,巳,子午
戊子,午,未,卯,子午
戊戌,辰,丑,丑未,子午
戊申,寅,未,巳,子午
戊午,子,丑,午,子午
己巳,亥,辰,寅申,丑未
己卯,酉,戌,子,丑未
己丑,未,辰,戌,丑未
己亥,巳,戌,亥,丑未
己酉,卯,辰,酉,丑未
己未,丑,戌,戌,丑未
庚午,子,丑,午,卯酉
庚辰,戌,未,辰,卯酉
庚寅,申,丑,巳,卯酉
庚子,午,未,卯,卯酉
庚戌,辰,丑,丑未,卯酉
庚申,寅,未,巳,卯酉
辛未,丑,戌,戌,辰戌
辛巳,亥,辰,寅申,辰戌
辛卯,酉,戌,子,辰戌
辛丑,未,辰,戌,辰戌
辛亥,巳,戌,亥,辰戌
辛酉,卯,辰,酉,辰戌
壬申,寅,未,巳,子午
壬午,子,丑,午,子午
壬辰,戌,未,辰,子午
壬寅,申,丑,巳,子午
壬子,午,未,卯,子午
壬戌,辰,丑,丑未,子午
癸酉,卯,辰,酉,丑未
癸未,丑,戌,戌,丑未
癸巳,亥,辰,寅申,丑未
癸卯,酉,戌,子,丑未
癸丑,未,辰,戌,丑未
癸亥,巳,戌,亥,丑未